{"loss": [0.41904574632644653, 8.184994158000336e-07, 2.4668722176102165e-07, 2.4093836259453383e-07, 2.3598654763645754e-07, 2.3095824985830404e-07, 2.2592203663407417e-07, 2.2095179019743227e-07, 2.1602222943784e-07, 2.1118280812970625e-07, 2.0643886955440394e-07, 2.0173328607597796e-07, 1.970811922547e-07, 1.9244994575728924e-07, 1.8788982458772807e-07, 1.8336351104153437e-07, 1.7891692039029294e-07, 1.7449482925258053e-07, 1.7015776165862917e-07, 1.6588700191277894e-07, 1.6172613470644137e-07, 1.5771814787512994e-07, 1.5380977913537208e-07, 1.5001030817529681e-07, 1.4626203892476042e-07, 1.4259083513934456e-07, 1.3898332440476224e-07, 1.3542435794988705e-07, 1.3193960057833465e-07, 1.2855832665081834e-07, 1.2528643367204495e-07, 1.2217634548505885e-07, 1.1927194520922058e-07, 1.165620773235787e-07, 1.1397320065498207e-07, 1.1146907041847953e-07, 1.0901697322651671e-07, 1.0660633620318549e-07, 1.0424336949199642e-07, 1.0192337640546612e-07, 9.965242497855797e-08, 9.741241058236483e-08, 9.522787536297983e-08, 9.308278237085688e-08, 9.100488540525475e-08, 8.895524672425381e-08, 8.697006848024103e-08, 8.503466375486823e-08, 8.311429411378413e-08, 8.124366246420323e-08], "accuracy": [0.840624988079071, 1.0, 1.0, 1.0, 1.0, 1.0, 1.0, 1.0, 1.0, 1.0, 1.0, 1.0, 1.0, 1.0, 1.0, 1.0, 1.0, 1.0, 1.0, 1.0, 1.0, 1.0, 1.0, 1.0, 1.0, 1.0, 1.0, 1.0, 1.0, 1.0, 1.0, 1.0, 1.0, 1.0, 1.0, 1.0, 1.0, 1.0, 1.0, 1.0, 1.0, 1.0, 1.0, 1.0, 1.0, 1.0, 1.0, 1.0, 1.0, 1.0], "val_loss": [7.831802577129565e-06, 2.608601903375529e-07, 2.506280907255132e-07, 2.452642036132602e-07, 2.398458320840291e-07, 2.3441484131581092e-07, 2.2903577701072209e-07, 2.2366717189470364e-07, 2.1854233978046977e-07, 2.1349582368657138e-07, 2.084612731323432e-07, 2.0354912066977704e-07, 1.9867931655426219e-07, 1.9393341688100918e-07, 1.89191666777333e-07, 1.8458072759131028e-07, 1.7994938161791652e-07, 1.7549115227666334e-07, 1.7107321070852777e-07, 1.6671428682002443e-07, 1.6254325885256549e-07, 1.5846366352434416e-07, 1.5452945945071406e-07, 1.506700897380142e-07, 1.4691418925849575e-07, 1.4321855701382447e-07, 1.3955177280422504e-07, 1.359444325998993e-07, 1.3244685703739378e-07, 1.2908147084544908e-07, 1.258261477232736e-07, 1.2278763961148798e-07, 1.1993152781997196e-07, 1.1727255611049259e-07, 1.1470192617935027e-07, 1.12215147396455e-07, 1.0976565079090506e-07, 1.0735143973761296e-07, 1.049855384849252e-07, 1.0266700911643056e-07, 1.004056144893184e-07, 9.815178714234207e-08, 9.597010830475483e-08, 9.38139166350993e-08, 9.173520965077842e-08, 8.9670400882369e-08, 8.768802928216246e-08, 8.572638421355805e-08, 8.381446292560213e-08, 8.191994993467233e-08], "val_accuracy": [1.0, 1.0, 1.0, 1.0, 1.0, 1.0, 1.0, 1.0, 1.0, 1.0, 1.0, 1.0, 1.0, 1.0, 1.0, 1.0, 1.0, 1.0, 1.0, 1.0, 1.0, 1.0, 1.0, 1.0, 1.0, 1.0, 1.0, 1.0, 1.0, 1.0, 1.0, 1.0, 1.0, 1.0, 1.0, 1.0, 1.0, 1.0, 1.0, 1.0, 1.0, 1.0, 1.0, 1.0, 1.0, 1.0, 1.0, 1.0, 1.0, 1.0]}